{"train_loss": 0.3545231521129608, "train_acc": 0.884902834892273, "val_loss": 1.8965297937393188, "val_acc": 0.3928571343421936, "_timestamp": 1694341455.2560096, "_runtime": 4.749559640884399, "_step": 20, "test_loss": 1.9529199600219727, "test_acc": 0.35333332419395447, "_wandb": {"runtime": 4}}