{"train_loss": 0.6577253341674805, "train_acc": 0.8968609571456909, "val_loss": 10.09093952178955, "val_acc": 0.3571428656578064, "_timestamp": 1694332948.1699467, "_runtime": 22.839590787887573, "_step": 50, "test_loss": 10.483729362487793, "test_acc": 0.36666667461395264, "_wandb": {"runtime": 22}}