{"val_loss": 5.504011154174805, "_timestamp": 1694262994.4414997, "_runtime": 44.56582570075989, "_step": 99, "_wandb": {"runtime": 43}}