{"train_loss": 0.3732589781284332, "train_acc": 0.8744394779205322, "val_loss": 4.62970495223999, "val_acc": 0.3273809552192688, "_timestamp": 1694341471.273912, "_runtime": 4.72449803352356, "_step": 20, "test_loss": 4.287085056304932, "test_acc": 0.30000001192092896, "_wandb": {"runtime": 4}}