{"train_loss": 1.354934811592102, "train_acc": 0.31091180443763733, "val_loss": 1.3626645803451538, "val_acc": 0.3154761791229248, "_timestamp": 1694324414.435895, "_runtime": 23.434578895568848, "_step": 49, "_wandb": {"runtime": 19}}