{"train_loss": 0.3256435990333557, "train_acc": 0.878923773765564, "val_loss": 3.640042304992676, "val_acc": 0.3988095223903656, "_timestamp": 1694340585.2258594, "_runtime": 6.996623516082764, "_step": 20, "test_loss": 4.783454418182373, "test_acc": 0.2199999988079071, "_wandb": {"runtime": 6}}