{"train_loss": 0.16265186667442322, "train_acc": 0.9417040348052979, "val_loss": 5.183297634124756, "val_acc": 0.4107142984867096, "_timestamp": 1694325303.5053928, "_runtime": 43.946868896484375, "_step": 49, "_wandb": {"runtime": 39}}