{"train_loss": 1.3476444482803345, "train_acc": 0.340807169675827, "val_loss": 1.3903173208236694, "val_acc": 0.2142857164144516, "_timestamp": 1694343058.8851743, "_runtime": 6.201516389846802, "_step": 30, "test_loss": 1.6489622592926025, "test_acc": 0.14000000059604645, "_wandb": {"runtime": 5}}