{"train_loss": 1.3554277420043945, "train_acc": 0.3034379780292511, "val_loss": 1.383224606513977, "val_acc": 0.255952388048172, "_timestamp": 1694342866.0751827, "_runtime": 7.803453683853149, "_step": 30, "test_loss": 1.6236013174057007, "test_acc": 0.14666666090488434, "_wandb": {"runtime": 6}}