{"train_loss": 1.3621982336044312, "train_acc": 0.3198804259300232, "val_loss": 1.3605543375015259, "val_acc": 0.2738095223903656, "_timestamp": 1694341486.5653942, "_runtime": 4.335586071014404, "_step": 20, "test_loss": 1.6079899072647095, "test_acc": 0.14666666090488434, "_wandb": {"runtime": 3}}