{"train_loss": 0.2816820740699768, "train_acc": 0.9103139042854309, "val_loss": 5.164351463317871, "val_acc": 0.3928571343421936, "_timestamp": 1694342927.4736927, "_runtime": 13.665733575820923, "_step": 30, "test_loss": 5.340362071990967, "test_acc": 0.25999999046325684, "_wandb": {"runtime": 12}}