{"train_loss": 0.49795377254486084, "train_acc": 0.9103139042854309, "val_loss": 8.270726203918457, "val_acc": 0.3035714328289032, "_timestamp": 1694332769.1813364, "_runtime": 16.477046489715576, "_step": 50, "test_loss": 9.26183795928955, "test_acc": 0.2800000011920929, "_wandb": {"runtime": 15}}