{"train_loss": 1.3559714555740356, "train_acc": 0.31838566064834595, "val_loss": 1.3686975240707397, "val_acc": 0.2321428507566452, "_timestamp": 1694343113.8320827, "_runtime": 8.47608470916748, "_step": 30, "test_loss": 1.6190917491912842, "test_acc": 0.08666666597127914, "_wandb": {"runtime": 7}}