{"train_loss": 0.2250056266784668, "train_acc": 0.9237667918205261, "val_loss": 4.13524866104126, "val_acc": 0.4047619104385376, "_timestamp": 1694324494.4959023, "_runtime": 60.4738872051239, "_step": 49, "_wandb": {"runtime": 49}}