{"train_loss": 0.957557737827301, "train_acc": 0.8056800961494446, "val_loss": 6.6218414306640625, "val_acc": 0.369047611951828, "_timestamp": 1694339601.6062744, "_runtime": 6.961770296096802, "_step": 20, "test_loss": 6.256725311279297, "test_acc": 0.3466666638851166, "_wandb": {"runtime": 6}}