{"val_loss": 1.2179757356643677, "val_acc": 0.4404761791229248, "_timestamp": 1694255502.3624706, "_runtime": 158.829758644104, "_step": 29, "_wandb": {"runtime": 16}}