{"train_loss": 0.1219305768609047, "train_acc": 0.9536621570587158, "val_loss": 4.694518566131592, "val_acc": 0.3273809552192688, "_timestamp": 1694325750.2085288, "_runtime": 27.04388666152954, "_step": 50, "test_loss": 5.192285060882568, "test_acc": 0.23333333432674408, "_wandb": {"runtime": 23}}