{"train_loss": 0.22707407176494598, "train_acc": 0.9312406778335571, "val_loss": 5.406426906585693, "val_acc": 0.386904776096344, "_timestamp": 1694282390.8703156, "_runtime": 23.363649606704712, "_step": 49, "_wandb": {"runtime": 18}}