{"train_loss": 1.361010193824768, "train_acc": 0.29446935653686523, "val_loss": 1.3601670265197754, "val_acc": 0.3095238208770752, "_timestamp": 1694342972.2942436, "_runtime": 5.691577672958374, "_step": 30, "test_loss": 1.6088602542877197, "test_acc": 0.14000000059604645, "_wandb": {"runtime": 5}}