{"train_loss": 0.24113063514232635, "train_acc": 0.9387145042419434, "val_loss": 4.346981048583984, "val_acc": 0.369047611951828, "_timestamp": 1694324596.3174045, "_runtime": 79.31120562553406, "_step": 49, "_wandb": {"runtime": 71}}