{"train_loss": 0.19637438654899597, "train_acc": 0.9461883306503296, "val_loss": 4.546056270599365, "val_acc": 0.375, "_timestamp": 1694325654.1050842, "_runtime": 33.17969512939453, "_step": 50, "test_loss": 5.269418716430664, "test_acc": 0.273333340883255, "_wandb": {"runtime": 29}}