{"val_loss": 9.57941722869873, "val_acc": 0.4345238208770752, "_timestamp": 1694263224.8680315, "_runtime": 42.949732542037964, "_step": 99, "_wandb": {"runtime": 42}}