{"val_loss": 1.3529646396636963, "_timestamp": 1694262460.8076484, "_runtime": 31.48963451385498, "_step": 99, "_wandb": {"runtime": 30}}