{"train_loss": 0.5854354500770569, "train_acc": 0.9028400778770447, "val_loss": 8.86757755279541, "val_acc": 0.363095223903656, "_timestamp": 1694325075.7140775, "_runtime": 118.23216557502747, "_step": 49, "_wandb": {"runtime": 111}}