{"train_loss": 1.3601833581924438, "train_acc": 0.3094170391559601, "val_loss": 1.3545936346054077, "val_acc": 0.2797619104385376, "_timestamp": 1694325794.0043993, "_runtime": 27.670206308364868, "_step": 50, "test_loss": 1.6040173768997192, "test_acc": 0.10000000149011612, "_wandb": {"runtime": 24}}