{"train_loss": 1.360073447227478, "train_acc": 0.3228699564933777, "val_loss": 1.3520387411117554, "val_acc": 0.3571428656578064, "_timestamp": 1694332906.6001668, "_runtime": 11.393459796905518, "_step": 50, "test_loss": 1.590932846069336, "test_acc": 0.14000000059604645, "_wandb": {"runtime": 10}}