{"val_loss": 1.348972201347351, "_timestamp": 1694262504.3036695, "_runtime": 32.50909447669983, "_step": 99, "_wandb": {"runtime": 31}}