{"train_loss": 0.264801561832428, "train_acc": 0.9103139042854309, "val_loss": 3.1728508472442627, "val_acc": 0.3273809552192688, "_timestamp": 1694340620.0975292, "_runtime": 4.622279167175293, "_step": 20, "test_loss": 4.4873199462890625, "test_acc": 0.2666666805744171, "_wandb": {"runtime": 3}}