{"val_loss": 1.3852734565734863, "_timestamp": 1694262940.374169, "_runtime": 33.72039604187012, "_step": 99, "_wandb": {"runtime": 33}}