{"train_loss": 0.301969051361084, "train_acc": 0.9252615571022034, "val_loss": 5.898024082183838, "val_acc": 0.363095223903656, "_timestamp": 1694332982.100139, "_runtime": 23.804694890975952, "_step": 50, "test_loss": 6.955369472503662, "test_acc": 0.24666666984558105, "_wandb": {"runtime": 23}}