{"train_loss": 1.3634568452835083, "train_acc": 0.28550073504447937, "val_loss": 1.3659626245498657, "val_acc": 0.2738095223903656, "_timestamp": 1694341420.5122461, "_runtime": 7.1123762130737305, "_step": 20, "test_loss": 1.6043416261672974, "test_acc": 0.07999999821186066, "_wandb": {"runtime": 6}}