{"train_loss": 1.3564039468765259, "train_acc": 0.30493274331092834, "val_loss": 1.3430719375610352, "val_acc": 0.3273809552192688, "_timestamp": 1694324714.634923, "_runtime": 46.90369701385498, "_step": 49, "_wandb": {"runtime": 41}}