{"train_loss": 1.361290454864502, "train_acc": 0.3273542523384094, "val_loss": 1.359140396118164, "val_acc": 0.3035714328289032, "_timestamp": 1694325880.7752, "_runtime": 23.417953968048096, "_step": 50, "test_loss": 1.611169457435608, "test_acc": 0.12666666507720947, "_wandb": {"runtime": 19}}