{"val_loss": 1.3649494647979736, "_timestamp": 1694262419.5016859, "_runtime": 22.481953859329224, "_step": 99, "_wandb": {"runtime": 21}}