{"val_loss": 13.058646202087402, "val_acc": 0.3511904776096344, "_timestamp": 1694263262.9848423, "_runtime": 27.572391271591187, "_step": 99, "_wandb": {"runtime": 26}}