{"train_loss": 0.34587934613227844, "train_acc": 0.9297459125518799, "val_loss": 5.573775291442871, "val_acc": 0.363095223903656, "_timestamp": 1694326143.0431466, "_runtime": 188.65006065368652, "_step": 50, "test_loss": 6.6664299964904785, "test_acc": 0.3199999928474426, "_wandb": {"runtime": 161}}