{"val_loss": 12.683347702026367, "_timestamp": 1694262896.9601243, "_runtime": 47.507901191711426, "_step": 99, "_wandb": {"runtime": 46}}