{"train_loss": 1.358737587928772, "train_acc": 0.3064275085926056, "val_loss": 1.372923493385315, "val_acc": 0.2678571343421936, "_timestamp": 1694340653.1453907, "_runtime": 5.444579839706421, "_step": 20, "test_loss": 1.6272308826446533, "test_acc": 0.1066666692495346, "_wandb": {"runtime": 4}}