{"train_loss": 0.3110309839248657, "train_acc": 0.8938714265823364, "val_loss": 3.5580990314483643, "val_acc": 0.4166666567325592, "_timestamp": 1694339584.1636, "_runtime": 5.527586936950684, "_step": 20, "test_loss": 4.150455951690674, "test_acc": 0.3199999928474426, "_wandb": {"runtime": 4}}