{"train_loss": 1.3649592399597168, "train_acc": 0.3198804259300232, "val_loss": 1.3461631536483765, "val_acc": 0.2916666567325592, "_timestamp": 1694325191.3108106, "_runtime": 30.009212493896484, "_step": 49, "_wandb": {"runtime": 26}}