{"val_loss": 16.608230590820312, "val_acc": 0.3392857015132904, "_timestamp": 1694263299.7868, "_runtime": 27.42755699157715, "_step": 99, "_wandb": {"runtime": 26}}