{"train_loss": 0.21653617918491364, "train_acc": 0.9327354431152344, "val_loss": 4.906542778015137, "val_acc": 0.363095223903656, "_timestamp": 1694332838.9040818, "_runtime": 22.305683851242065, "_step": 50, "test_loss": 6.218252658843994, "test_acc": 0.20666666328907013, "_wandb": {"runtime": 21}}