{"train_loss": 1.3546171188354492, "train_acc": 0.3258594870567322, "val_loss": 1.348492980003357, "val_acc": 0.2916666567325592, "_timestamp": 1694332864.208922, "_runtime": 16.517249822616577, "_step": 50, "test_loss": 1.5896838903427124, "test_acc": 0.14666666090488434, "_wandb": {"runtime": 15}}