{"train_loss": 0.19727782905101776, "train_acc": 0.9282511472702026, "val_loss": 4.425051212310791, "val_acc": 0.369047611951828, "_timestamp": 1694282355.177113, "_runtime": 25.094027996063232, "_step": 49, "_wandb": {"runtime": 21}}