{"train_loss": 0.22567543387413025, "train_acc": 0.9372197389602661, "val_loss": 4.952548027038574, "val_acc": 0.386904776096344, "_timestamp": 1694332808.5905945, "_runtime": 24.268401622772217, "_step": 50, "test_loss": 6.115044593811035, "test_acc": 0.24666666984558105, "_wandb": {"runtime": 23}}