{"train_loss": 0.18654842674732208, "train_acc": 0.9267563819885254, "val_loss": 3.395232677459717, "val_acc": 0.3571428656578064, "_timestamp": 1694342901.5535004, "_runtime": 9.353936433792114, "_step": 30, "test_loss": 2.9129137992858887, "test_acc": 0.3333333432674408, "_wandb": {"runtime": 8}}