{"train_loss": 1.3670399188995361, "train_acc": 0.2974588871002197, "val_loss": 1.3379873037338257, "val_acc": 0.3452380895614624, "_timestamp": 1694342953.0053978, "_runtime": 7.285167694091797, "_step": 30, "test_loss": 1.569871187210083, "test_acc": 0.1133333370089531, "_wandb": {"runtime": 6}}