{"val_loss": 1.3681758642196655, "_timestamp": 1694262583.1894467, "_runtime": 32.93860960006714, "_step": 99, "_wandb": {"runtime": 32}}