{"val_loss": 6.5622782707214355, "_timestamp": 1694262784.67345, "_runtime": 24.949225902557373, "_step": 99, "_wandb": {"runtime": 24}}