{"val_loss": 9.257439613342285, "val_acc": 0.386904776096344, "_timestamp": 1694263136.5310564, "_runtime": 44.62955641746521, "_step": 99, "_wandb": {"runtime": 43}}