{"train_loss": 1.3585926294326782, "train_acc": 0.3124065697193146, "val_loss": 1.3526372909545898, "val_acc": 0.3095238208770752, "_timestamp": 1694325842.565226, "_runtime": 33.33769416809082, "_step": 50, "test_loss": 1.5936511754989624, "test_acc": 0.19333332777023315, "_wandb": {"runtime": 29}}