{"train_loss": 0.1805354207754135, "train_acc": 0.9402092695236206, "val_loss": 4.373851299285889, "val_acc": 0.369047611951828, "_timestamp": 1694325367.0613673, "_runtime": 46.501136302948, "_step": 49, "_wandb": {"runtime": 38}}