{"train_loss": 1.3639867305755615, "train_acc": 0.32137519121170044, "val_loss": 1.3565990924835205, "val_acc": 0.2797619104385376, "_timestamp": 1694325456.1317015, "_runtime": 35.53366541862488, "_step": 50, "test_loss": 1.5999702215194702, "test_acc": 0.14666666090488434, "_wandb": {"runtime": 32}}