{"val_loss": 1.349376916885376, "_timestamp": 1694262829.9643953, "_runtime": 27.927127361297607, "_step": 99, "_wandb": {"runtime": 27}}