{"train_loss": 0.4098486602306366, "train_acc": 0.8983557820320129, "val_loss": 7.835148334503174, "val_acc": 0.3571428656578064, "_timestamp": 1695148679.520844, "_runtime": 29.403975009918213, "_step": 50, "test_loss": 10.904077529907227, "test_acc": 0.18666666746139526, "_wandb": {"runtime": 22}}