{"train_loss": 0.2975807785987854, "train_acc": 0.9088191390037537, "val_loss": 6.271060943603516, "val_acc": 0.3333333432674408, "_timestamp": 1694325708.1768441, "_runtime": 37.923349142074585, "_step": 50, "test_loss": 7.79048490524292, "test_acc": 0.23333333432674408, "_wandb": {"runtime": 34}}