{"val_loss": 2.360414981842041, "val_acc": 0.4107142984867096, "_timestamp": 1694256062.3958333, "_runtime": 45.75721526145935, "_step": 99, "_wandb": {"runtime": 45}}