{"train_loss": 1.3530125617980957, "train_acc": 0.3198804259300232, "val_loss": 1.366040825843811, "val_acc": 0.2321428507566452, "_timestamp": 1694324893.6502383, "_runtime": 30.854103326797485, "_step": 49, "_wandb": {"runtime": 24}}