{"train_loss": 1.171725869178772, "train_acc": 0.841554582118988, "val_loss": 10.241348266601562, "val_acc": 0.3571428656578064, "_timestamp": 1694341439.3671355, "_runtime": 9.830950498580933, "_step": 20, "test_loss": 14.504731178283691, "test_acc": 0.273333340883255, "_wandb": {"runtime": 9}}