{"train_loss": 1.353964924812317, "train_acc": 0.3258594870567322, "val_loss": 1.389480471611023, "val_acc": 0.3035714328289032, "_timestamp": 1694324840.4401228, "_runtime": 98.78270292282104, "_step": 49, "_wandb": {"runtime": 78}}