{"train_loss": 0.1855117529630661, "train_acc": 0.9297459125518799, "val_loss": 3.8994176387786865, "val_acc": 0.3571428656578064, "_timestamp": 1694333016.074567, "_runtime": 25.075610160827637, "_step": 50, "test_loss": 3.887368679046631, "test_acc": 0.3866666555404663, "_wandb": {"runtime": 24}}