{"train_loss": 0.4086112976074219, "train_acc": 0.8953661918640137, "val_loss": 5.88124942779541, "val_acc": 0.3214285671710968, "_timestamp": 1694340604.7457635, "_runtime": 10.47658658027649, "_step": 20, "test_loss": 4.424645900726318, "test_acc": 0.4333333373069763, "_wandb": {"runtime": 9}}