{"train_loss": 1.3598899841308594, "train_acc": 0.3228699564933777, "val_loss": 1.3717080354690552, "val_acc": 0.2797619104385376, "_timestamp": 1694340637.36906, "_runtime": 4.304796934127808, "_step": 20, "test_loss": 1.6190871000289917, "test_acc": 0.1133333370089531, "_wandb": {"runtime": 3}}