{"train_loss": 0.2222256064414978, "train_acc": 0.9372197389602661, "val_loss": 4.780049800872803, "val_acc": 0.3154761791229248, "_timestamp": 1694342998.3970695, "_runtime": 15.640747547149658, "_step": 30, "test_loss": 4.939255714416504, "test_acc": 0.3400000035762787, "_wandb": {"runtime": 14}}