{"train_loss": 0.4612605571746826, "train_acc": 0.8953661918640137, "val_loss": 7.295485496520996, "val_acc": 0.3571428656578064, "_timestamp": 1694326173.352389, "_runtime": 18.17998504638672, "_step": 50, "test_loss": 8.537907600402832, "test_acc": 0.25333333015441895, "_wandb": {"runtime": 14}}