{"val_loss": 14.950340270996094, "_timestamp": 1694262539.8946545, "_runtime": 26.82584047317505, "_step": 99, "_wandb": {"runtime": 26}}