{"train_loss": 0.8086905479431152, "train_acc": 0.8804185390472412, "val_loss": 8.284187316894531, "val_acc": 0.4226190447807312, "_timestamp": 1694325240.679021, "_runtime": 31.442506790161133, "_step": 49, "_wandb": {"runtime": 28}}