{"train_loss": 0.5679821968078613, "train_acc": 0.8804185390472412, "val_loss": 7.947678565979004, "val_acc": 0.386904776096344, "_timestamp": 1694333041.73093, "_runtime": 14.837440013885498, "_step": 50, "test_loss": 11.134239196777344, "test_acc": 0.273333340883255, "_wandb": {"runtime": 13}}