{"train_loss": 1.5431252717971802, "train_acc": 0.8370702266693115, "val_loss": 13.433793067932129, "val_acc": 0.2738095223903656, "_timestamp": 1694343092.5788946, "_runtime": 14.115922689437866, "_step": 30, "test_loss": 16.37079620361328, "test_acc": 0.25999999046325684, "_wandb": {"runtime": 13}}