{"train_loss": 0.5077134370803833, "train_acc": 0.8819133043289185, "val_loss": 6.194556713104248, "val_acc": 0.3273809552192688, "_timestamp": 1694332883.746609, "_runtime": 10.024117946624756, "_step": 50, "test_loss": 7.801004886627197, "test_acc": 0.2800000011920929, "_wandb": {"runtime": 8}}