{"train_loss": 1.297128677368164, "train_acc": 0.853512704372406, "val_loss": 14.813736915588379, "val_acc": 0.386904776096344, "_timestamp": 1694343040.3907282, "_runtime": 14.343302249908447, "_step": 30, "test_loss": 17.081806182861328, "test_acc": 0.273333340883255, "_wandb": {"runtime": 13}}