{"train_loss": 1.3589645624160767, "train_acc": 0.3004484176635742, "val_loss": 1.3721346855163574, "val_acc": 0.2321428507566452, "_timestamp": 1694343014.870218, "_runtime": 5.6078040599823, "_step": 30, "test_loss": 1.6074798107147217, "test_acc": 0.1066666692495346, "_wandb": {"runtime": 4}}