{"train_loss": 0.31200292706489563, "train_acc": 0.9103139042854309, "val_loss": 4.100860595703125, "val_acc": 0.4345238208770752, "_timestamp": 1694325931.2901697, "_runtime": 36.77108979225159, "_step": 50, "test_loss": 5.545214653015137, "test_acc": 0.2666666805744171, "_wandb": {"runtime": 33}}