{"train_loss": 1.3585528135299683, "train_acc": 0.32137519121170044, "val_loss": 1.3673374652862549, "val_acc": 0.2797619104385376, "_timestamp": 1694282316.419641, "_runtime": 24.874325037002563, "_step": 49, "_wandb": {"runtime": 20}}