{"val_loss": 5.189811706542969, "val_acc": 0.3333333432674408, "_timestamp": 1694263171.8575017, "_runtime": 26.186060667037964, "_step": 99, "_wandb": {"runtime": 25}}